

USE LittleLemonDM;

-- -----------------------------------------------------
-- Insert into Customers 
-- -----------------------------------------------------
INSERT INTO Customers (FirstName, LastName, Phone, Email, Address) VALUES
('John', 'Smith', '+1-202-555-0101', 'john.smith@email.com', '123 Maple St, Washington, DC 20001'),
('Jane', 'Doe', '+1-202-555-0102', 'jane.doe@email.com', '456 Oak Ave, Washington, DC 20002'),
('Michael', 'Johnson', '+1-202-555-0103', 'michael.j@email.com', '789 Pine Rd, Washington, DC 20003'),
('Emily', 'Williams', '+1-202-555-0104', 'emily.w@email.com', '321 Elm St, Washington, DC 20004'),
('David', 'Brown', '+1-202-555-0105', 'david.b@email.com', '654 Cedar Ln, Washington, DC 20005'),
('Sarah', 'Jones', '+1-202-555-0106', 'sarah.j@email.com', '987 Birch Blvd, Washington, DC 20006'),
('James', 'Garcia', '+1-202-555-0107', 'james.g@email.com', '147 Spruce Dr, Washington, DC 20007'),
('Patricia', 'Miller', '+1-202-555-0108', 'patricia.m@email.com', '258 Willow Way, Washington, DC 20008'),
('Robert', 'Davis', '+1-202-555-0109', 'robert.d@email.com', '369 Aspen Ct, Washington, DC 20009'),
('Linda', 'Rodriguez', '+1-202-555-0110', 'linda.r@email.com', '741 Poplar Pl, Washington, DC 20010'),
('William', 'Martinez', '+1-202-555-0111', 'william.m@email.com', '852 Magnolia St, Washington, DC 20011'),
('Barbara', 'Hernandez', '+1-202-555-0112', 'barbara.h@email.com', '963 Cherry Ave, Washington, DC 20012'),
('Richard', 'Lopez', '+1-202-555-0113', 'richard.l@email.com', '159 Peach Rd, Washington, DC 20013'),
('Susan', 'Wilson', '+1-202-555-0114', 'susan.w@email.com', '357 Orange Ln, Washington, DC 20014'),
('Joseph', 'Anderson', '+1-202-555-0115', 'joseph.a@email.com', '753 Banana Blvd, Washington, DC 20015'),
('Karen', 'Thomas', '+1-202-555-0116', 'karen.t@email.com', '951 Grape Dr, Washington, DC 20016'),
('Charles', 'Taylor', '+1-202-555-0117', 'charles.t@email.com', '246 Watermelon Way, DC 20017'),
('Nancy', 'Moore', '+1-202-555-0118', 'nancy.m@email.com', '135 Kiwi Ct, Washington, DC 20018'),
('Thomas', 'Jackson', '+1-202-555-0119', 'thomas.j@email.com', '468 Mango Pl, Washington, DC 20019'),
('Betty', 'White', '+1-202-555-0120', 'betty.w@email.com', '579 Plum St, Washington, DC 20020'),
('Christopher', 'Harris', '+1-202-555-0121', 'chris.h@email.com', '681 Pear Ave, Washington, DC 20021'),
('Sandra', 'Martin', '+1-202-555-0122', 'sandra.m@email.com', '792 Lemon Rd, DC 20022'),
('Daniel', 'Thompson', '+1-202-555-0123', 'daniel.t@email.com', '894 Lime Ln, Washington, DC 20023'),
('Donna', 'Garcia', '+1-202-555-0124', 'donna.g@email.com', '123 Coconut Blvd, DC 20024'),
('Paul', 'Martinez', '+1-202-555-0125', 'paul.m@email.com', '456 Almond Dr, DC 20025'),
('Lisa', 'Robinson', '+1-202-555-0126', 'lisa.r@email.com', '789 Walnut Ct, DC 20026'),
('Kenneth', 'Clark', '+1-202-555-0127', 'kenneth.c@email.com', '321 Pecan Pl, DC 20027'),
('Mary', 'Rodriguez', '+1-202-555-0128', 'mary.r@email.com', '654 Chestnut St, DC 20028'),
('Steven', 'Lewis', '+1-202-555-0129', 'steven.l@email.com', '987 Hazel Ave, DC 20029'),
('Margaret', 'Young', '+1-202-555-0130', 'margaret.y@email.com', '147 Beech Rd, DC 20030');

-- -----------------------------------------------------
-- Insert into Staffs 
-- -----------------------------------------------------
INSERT INTO Staffs (FirstName, LastName, Role, Salary, Phone) VALUES
('Alice', 'Cooper', 'Manager', 65000.00, '+1-202-555-1001'),
('Bob', 'Marley', 'Chef', 55000.00, '+1-202-555-1002'),
('Charlie', 'Parker', 'Waiter', 32000.00, '+1-202-555-1003'),
('Diana', 'Ross', 'Host', 30000.00, '+1-202-555-1004'),
('Edward', 'Sheeran', 'Bartender', 35000.00, '+1-202-555-1005'),
('Fiona', 'Apple', 'Chef', 52000.00, '+1-202-555-1006'),
('George', 'Clooney', 'Manager', 68000.00, '+1-202-555-1007'),
('Hannah', 'Montana', 'Waiter', 31000.00, '+1-202-555-1008'),
('Ian', 'McKellen', 'Chef', 54000.00, '+1-202-555-1009'),
('Julia', 'Roberts', 'Host', 29000.00, '+1-202-555-1010'),
('Kevin', 'Hart', 'Waiter', 33000.00, '+1-202-555-1011'),
('Laura', 'Croft', 'Bartender', 36000.00, '+1-202-555-1012'),
('Mick', 'Jagger', 'Chef', 53000.00, '+1-202-555-1013'),
('Natalie', 'Portman', 'Manager', 70000.00, '+1-202-555-1014'),
('Oliver', 'Twist', 'Waiter', 30500.00, '+1-202-555-1015'),
('Penelope', 'Cruz', 'Host', 29500.00, '+1-202-555-1016'),
('Quincy', 'Jones', 'Chef', 56000.00, '+1-202-555-1017'),
('Rihanna', 'Fenty', 'Bartender', 37000.00, '+1-202-555-1018'),
('Samuel', 'Jackson', 'Manager', 72000.00, '+1-202-555-1019'),
('Tina', 'Turner', 'Waiter', 32500.00, '+1-202-555-1020'),
('Usher', 'Raymond', 'Chef', 51500.00, '+1-202-555-1021'),
('Vanessa', 'Williams', 'Host', 31000.00, '+1-202-555-1022'),
('Will', 'Smith', 'Bartender', 34000.00, '+1-202-555-1023'),
('Xena', 'Warrior', 'Waiter', 31500.00, '+1-202-555-1024'),
('Yvonne', 'Strahovski', 'Chef', 50500.00, '+1-202-555-1025'),
('Zach', 'Galifianakis', 'Manager', 69000.00, '+1-202-555-1026'),
('Adele', 'Adkins', 'Waiter', 32000.00, '+1-202-555-1027'),
('Bruce', 'Willis', 'Bartender', 35500.00, '+1-202-555-1028'),
('Catherine', 'Zeta', 'Host', 30500.00, '+1-202-555-1029'),
('Denzel', 'Washington', 'Chef', 57500.00, '+1-202-555-1030');

-- -----------------------------------------------------
-- Insert into Menus 
-- -----------------------------------------------------
INSERT INTO Menus (Cuisine, Starter, Course, Drink, Dessert, Price) VALUES
('Italian', 'Bruschetta', 'Spaghetti Carbonara', 'Chianti', 'Tiramisu', 24.99),
('Italian', 'Garlic Bread', 'Margherita Pizza', 'Pinot Grigio', 'Panna Cotta', 18.50),
('Italian', 'Caprese Salad', 'Lasagna', 'Sangiovese', 'Gelato', 22.75),
('Mexican', 'Guacamole & Chips', 'Tacos al Pastor', 'Margarita', 'Churros', 19.99),
('Mexican', 'Quesadilla', 'Enchiladas', 'Tequila Sunrise', 'Flan', 21.50),
('Mexican', 'Elote', 'Burrito', 'Michelada', 'Sopapillas', 20.00),
('Chinese', 'Spring Rolls', 'Kung Pao Chicken', 'Green Tea', 'Fortune Cookies', 18.99),
('Chinese', 'Dim Sum', 'Sweet and Sour Pork', 'Lychee Martini', 'Mango Pudding', 23.50),
('Chinese', 'Wonton Soup', 'Mapo Tofu', 'Jasmine Tea', 'Fried Ice Cream', 17.25),
('Indian', 'Samosa', 'Butter Chicken', 'Mango Lassi', 'Gulab Jamun', 22.99),
('Indian', 'Pakora', 'Lamb Biryani', 'Masala Chai', 'Rasmalai', 26.00),
('Indian', 'Papadum', 'Palak Paneer', 'Coconut Water', 'Kulfi', 19.75),
('American', 'Onion Rings', 'BBQ Ribs', 'Craft Beer', 'Apple Pie', 27.50),
('American', 'Caesar Salad', 'Cheeseburger', 'Milkshake', 'Brownie Sundae', 21.99),
('American', 'Buffalo Wings', 'Steak', 'Old Fashioned', 'Cheesecake', 34.00),
('French', 'Escargot', 'Coq au Vin', 'Champagne', 'Crème Brûlée', 31.50),
('French', 'French Onion Soup', 'Ratatouille', 'Bordeaux', 'Macarons', 25.99),
('French', 'Foie Gras', 'Duck Confit', 'Sauvignon Blanc', 'Tarte Tatin', 36.00),
('Japanese', 'Edamame', 'Sushi Platter', 'Sake', 'Mochi', 28.50),
('Japanese', 'Miso Soup', 'Ramen', 'Umeshu', 'Dorayaki', 20.99),
('Japanese', 'Tempura', 'Teriyaki Chicken', 'Matcha Latte', 'Taiyaki', 22.00),
('Greek', 'Tzatziki', 'Moussaka', 'Ouzo', 'Baklava', 24.99),
('Greek', 'Feta & Olives', 'Souvlaki', 'Retsina', 'Galaktoboureko', 23.50),
('Greek', 'Spanakopita', 'Pastitsio', 'Greek Coffee', 'Loukoumades', 21.00),
('Thai', 'Tom Yum Soup', 'Pad Thai', 'Thai Iced Tea', 'Mango Sticky Rice', 19.99),
('Thai', 'Satay Skewers', 'Green Curry', 'Singha Beer', 'Coconut Ice Cream', 24.50),
('Thai', 'Spring Rolls', 'Massaman Curry', 'Lemongrass Cooler', 'Tub Tim Krob', 22.75),
('Spanish', 'Patatas Bravas', 'Paella', 'Sangria', 'Churros con Chocolate', 30.00),
('Spanish', 'Gambas al Ajillo', 'Tortilla Española', 'Rioja', 'Flan', 26.99),
('Spanish', 'Pan con Tomate', 'Churrasco', 'Sherry', 'Crema Catalana', 28.50);

-- -----------------------------------------------------
-- Insert into Bookings 
-- -----------------------------------------------------
INSERT INTO Bookings (BookingID, BookingDate, BookingTime, TableNumber, NumberOfGuests, CustomerID, StaffID) VALUES
(1, '2026-06-01', '18:30:00', 5, 2, 1, 3),
(2, '2026-06-01', '19:00:00', 12, 4, 2, 8),
(3, '2026-06-02', '18:00:00', 3, 2, 3, 11),
(4, '2026-06-02', '20:00:00', 8, 6, 4, 15),
(5, '2026-06-03', '18:45:00', 10, 3, 5, 20),
(6, '2026-06-03', '19:30:00', 2, 2, 6, 24),
(7, '2026-06-04', '17:30:00', 7, 4, 7, 27),
(8, '2026-06-04', '20:15:00', 15, 5, 8, 3),
(9, '2026-06-05', '18:00:00', 1, 2, 9, 8),
(10, '2026-06-05', '19:45:00', 6, 4, 10, 11),
(11, '2026-06-06', '18:30:00', 9, 3, 11, 15),
(12, '2026-06-06', '20:00:00', 4, 2, 12, 20),
(13, '2026-06-07', '17:00:00', 14, 6, 13, 24),
(14, '2026-06-07', '19:30:00', 11, 2, 14, 27),
(15, '2026-06-08', '18:15:00', 13, 4, 15, 3),
(16, '2026-06-08', '20:30:00', 16, 3, 16, 8),
(17, '2026-06-09', '18:45:00', 17, 2, 17, 11),
(18, '2026-06-09', '19:00:00', 18, 4, 18, 15),
(19, '2026-06-10', '17:45:00', 19, 2, 19, 20),
(20, '2026-06-10', '20:00:00', 20, 5, 20, 24),
(21, '2026-06-11', '18:30:00', 5, 3, 21, 27),
(22, '2026-06-11', '19:15:00', 12, 2, 22, 3),
(23, '2026-06-12', '18:00:00', 3, 4, 23, 8),
(24, '2026-06-12', '20:30:00', 8, 6, 24, 11),
(25, '2026-06-13', '19:00:00', 10, 2, 25, 15),
(26, '2026-06-13', '18:45:00', 2, 3, 26, 20),
(27, '2026-06-14', '17:30:00', 7, 2, 27, 24),
(28, '2026-06-14', '19:30:00', 15, 4, 28, 27),
(29, '2026-06-15', '18:00:00', 1, 2, 29, 3),
(30, '2026-06-15', '20:15:00', 6, 4, 30, 8);

-- -----------------------------------------------------
-- Insert into Orders 
-- -----------------------------------------------------
INSERT INTO Orders (OrderDate, Quantity, TotalCost, BookingID, MenuID, CustomerID) VALUES
('2026-06-01', 2, 49.98, 1, 1, 1),
('2026-06-01', 1, 18.50, 2, 2, 2),
('2026-06-02', 3, 68.25, 3, 3, 3),
('2026-06-02', 2, 39.98, 4, 4, 4),
('2026-06-03', 2, 43.00, 5, 5, 5),
('2026-06-03', 1, 20.00, 6, 6, 6),
('2026-06-04', 3, 56.97, 7, 7, 7),
('2026-06-04', 2, 47.00, 8, 8, 8),
('2026-06-05', 1, 17.25, 9, 9, 9),
('2026-06-05', 2, 45.98, 10, 10, 10),
('2026-06-06', 1, 26.00, 11, 11, 11),
('2026-06-06', 2, 39.50, 12, 12, 12),
('2026-06-07', 2, 55.00, 13, 13, 13),
('2026-06-07', 3, 65.97, 14, 14, 14),
('2026-06-08', 1, 34.00, 15, 15, 15),
('2026-06-08', 2, 63.00, 16, 16, 16),
('2026-06-09', 2, 51.98, 17, 17, 17),
('2026-06-09', 1, 36.00, 18, 18, 18),
('2026-06-10', 2, 57.00, 19, 19, 19),
('2026-06-10', 3, 62.97, 20, 20, 20),
('2026-06-11', 1, 22.00, 21, 21, 21),
('2026-06-11', 2, 49.98, 22, 22, 22),
('2026-06-12', 2, 47.00, 23, 23, 23),
('2026-06-12', 1, 21.00, 24, 24, 24),
('2026-06-13', 3, 59.97, 25, 25, 25),
('2026-06-13', 2, 49.00, 26, 26, 26),
('2026-06-14', 1, 22.75, 27, 27, 27),
('2026-06-14', 2, 60.00, 28, 28, 28),
('2026-06-15', 2, 53.98, 29, 29, 29),
('2026-06-15', 1, 28.50, 30, 30, 30);

-- -----------------------------------------------------
-- Insert into OrderDeliveryStatus 
-- -----------------------------------------------------
INSERT INTO OrderDeliveryStatus (DeliveryDate, DeliveryTime, Status, OrderID) VALUES
('2026-06-01', '19:30:00', 'Delivered', 1),
('2026-06-01', '20:00:00', 'Delivered', 2),
('2026-06-02', '19:00:00', 'Delivered', 3),
('2026-06-02', '21:00:00', 'Delivered', 4),
('2026-06-03', '19:45:00', 'Delivered', 5),
('2026-06-03', '20:30:00', 'Delivered', 6),
('2026-06-04', '18:30:00', 'Delivered', 7),
('2026-06-04', '21:15:00', 'Delivered', 8),
('2026-06-05', '19:00:00', 'Delivered', 9),
('2026-06-05', '20:45:00', 'Delivered', 10),
('2026-06-06', '19:30:00', 'Delivered', 11),
('2026-06-06', '21:00:00', 'Delivered', 12),
('2026-06-07', '18:00:00', 'Delivered', 13),
('2026-06-07', '20:30:00', 'Delivered', 14),
('2026-06-08', '19:15:00', 'Delivered', 15),
('2026-06-08', '21:30:00', 'Delivered', 16),
('2026-06-09', '19:45:00', 'Delivered', 17),
('2026-06-09', '20:00:00', 'Delivered', 18),
('2026-06-10', '18:45:00', 'Delivered', 19),
('2026-06-10', '21:00:00', 'Delivered', 20),
('2026-06-11', '19:30:00', 'Delivered', 21),
('2026-06-11', '20:15:00', 'Delivered', 22),
('2026-06-12', '19:00:00', 'Delivered', 23),
('2026-06-12', '21:30:00', 'Delivered', 24),
('2026-06-13', '20:00:00', 'Delivered', 25),
('2026-06-13', '19:45:00', 'Delivered', 26),
('2026-06-14', '18:30:00', 'Delivered', 27),
('2026-06-14', '20:30:00', 'Delivered', 28),
('2026-06-15', '19:00:00', 'Delivered', 29),
('2026-06-15', '21:15:00', 'Delivered', 30);
